Location,MovieDate,Formatted_Address,Lat,Lng
"Edgebrook Park, Chicago ",Jun-7 A League of Their Own,"Edgebrook Park, 6525 North Hiawatha Avenue, Chicago, IL 60646, USA",41.9998876,-87.7627672
"Gage Park, Chicago ","Jun-9 It's a Mad, Mad, Mad, Mad World","Gage Park, Chicago, IL, USA",41.7954363,-87.6962257
"Jefferson Memorial Park, Chicago ",Jun-12 Monsters University  Jul-11 Frozen  Aug-8 The Blues Brothers ,"Jefferson Memorial Park, 4822 North Long Avenue, Chicago, IL 60630, USA",41.76083920000001,-87.6294353
"Commercial Club Playground, Chicago ",Jun-12 Despicable Me 2,"Chicago, IL, USA",41.8781136,-87.6297982
"Revere Park, Chicago ",Jun-13 The Goonies Jun-22 Patang,"Paul Revere Park, 2509 West Irving Park Road, Chicago, IL 60618, USA",41.9539282,-87.6911867
"West Chatham Park, Chicago ",Jun-13 Independence  Day,"West Chatham Park, 8223 South Princeton Avenue, Chicago, IL 60620, USA",41.7446685,-87.6319177
"Independence Park, Chicago ",Jun-13 Frozen Jul-11 The Avengers Aug-8 The Lego Movie,"Independence Park, 3945 North Springfield Avenue, Chicago, IL 60618, USA",41.9526374,-87.7237263
"Dunham Park, Chicago ",Jun-13 Delivery Man Jul-11 Ghostbusters ,"Dunham Park, 4638 North Melvina Avenue, Chicago, IL 60630, USA",41.9658979,-87.7843266
"Chopin Park, Chicago ",Jun-14 Gremlins Sep-13 Ironman 3,"Chopin Park, 3420 North Long Avenue, Chicago, IL 60641, USA",41.942676,-87.7617358
"Oz Park, Chicago ",Jun-14 Rookie of the Year Jul-12 Return to Me Aug-23 The Wizard of Oz,"Oz Park, 2021 North Burling Street, Chicago, IL 60614, USA",41.9210045,-87.645164
"Gross Park, Chicago ",Jun-14 On the Waterfront Jul-5 Man of Steel ,"Gross Park, Chicago, IL 60625, USA",41.9689803,-87.696784
"Pulaski Park, Chicago ",Jun-14 Gravity,"Pulaski Park, Chicago, IL, USA",41.9051078,-87.6624135
"Holstein Park, Chicago ",Jun-15 Groundhog Day Jul-11 Moonrise Kingdom Aug-28 The Goonies,"Holstein Park, 2200 North Oakley Avenue, Chicago, IL 60647, USA",41.9216438,-87.6850879
"Midway Plaisance Park, Chicago ",Jun-15 Patang,"Midway Plaisance Park, Chicago, IL 60637, USA",41.7872,-87.59819999999999
"Wolfe Playground Park, Chicago ",Jun-16 The Lego Movie,"Wolfe Playground Park, 3325 East 108th Street, Chicago, IL 60617, USA",41.6980721,-87.54298500000002
"Millenium Park, Chicago ",Jun-16 Strangers on a Train,"Millennium Park, Chicago, IL, USA",41.8827024,-87.6193938
"Kedvale Park, Chicago ",Jun-17 Gravity,"Kedvale Park, 4134 West Hirsch Street, Chicago, IL 60651, USA",41.9062808,-87.7300667
"Marquette Park, Chicago ",Jun-17 How to Train Your Dragon Jul-27 Life of Pi ,"Marquette Park, Chicago, IL, USA",41.7656499,-87.69907309999999
"Montgomery Ward Park, Chicago ",Jun-17 As Good As It Gets Jul-1 Captain Phillips Jul-15 Chicago  Jul-29 Gravity  Aug-12 The Blind Side Aug-26 The Lego Movie ,"Ward, A. Montgomery Park, West Erie Street, Chicago, IL 60654, USA",41.8937062,-87.6417509
"Harrison Park, Chicago ",Jun-18 Ghostbusters,"Harrison Park, 1824 South Wood Street, Chicago, IL 60608, USA",41.8570517,-87.6712214
"Robichaux Park, Chicago ",Jun-18 42,"Robichaux Park, 9247 South Eggleston Avenue, Chicago, IL 60620, USA",41.7267384,-87.6343704
"Hamilton Park, Chicago ",Jun-19 Gravity  Aug-24 The Help,"Hamilton Park, 513 West 72nd Street, Chicago, IL 60621, USA",41.7628237,-87.63769359999999
"Bell Park, Chicago ",Jun-19 The Smurfs 2,"Bell Park, 3020 North Oak Park Avenue, Chicago, IL 60634, USA",41.9352459,-87.7960202
"Dunbar Park, Chicago ",Jun-19 Lee Daniels' The Butler Jul-8 Hotel Transylvania,"Dunbar Park, 300 East 31st Street, Chicago, IL 60616, USA",41.8383955,-87.6206261
"Oakdale Park, Chicago ",Jun-19 Man of Steel,"Oakdale Park, 965 West 95th Street, Chicago, IL 60643, USA",41.721005,-87.6485124
"Olympia Park, Chicago ",Jun-20 The Lego Movie,"Olympia Park, 6566 North Avondale Avenue, Chicago, IL 60631, USA",41.9999489,-87.8154294
"Chase Park, Chicago ",Jun-20 Ghostbusters Jun-25 The Wizard of Oz,"Chase Park, 4701 North Ashland Avenue, Chicago, IL 60640, USA",41.9676327,-87.6682847
"Dvorak Park, Chicago ",Jun-20 Despicable Me 2,"Dvorak Park, 1119 West Cullerton Street, Chicago, IL 60608, USA",41.8551128,-87.65414229999999
"Murray Playground Park, Chicago ",Jun-20 Lee Daniels' The Butler Jul-15 The Lorax,"Chicago, IL, USA",41.8781136,-87.6297982
"DuSable Museum of African American History, Chicago ",Jun-21 Fat Albert  Jul-19 42 Aug-16 Twenty Feet From Stardom,"DuSable Museum of African American History, 740 East 56th Place, Chicago, IL 60637, USA",41.7918148,-87.6070993
"Ellis Park, Chicago ",Jun-21 Gravity  Jul-19 Despicable Me 2 Aug-16 The Lego Movie,"Ellis Park, 535 East 35th Street, Chicago, IL 60616, USA",41.8307505,-87.6109745
"Hollywood Park, Chicago ",Jun-21 Back to the Future,"Hollywood Park, Chicago, IL, USA",41.9867885,-87.7232855
"Homan Square Park, Chicago ",Jun-22 Lee Daniels' The Butler,"Homan Square Park, 3559 West Arthington Street, Chicago, IL 60624, USA",41.869391,-87.71510649999999
"Grant Park: Grove 5, Chicago ",Jun-23 High Anxiety Aug-25 Indiana Jones and the Temple of Doom,"South Grove Street, Chicago, IL, USA",41.8488784,-87.64327809999999
"Sherman Park, Chicago ","Jun-24 It's a Mad, Mad, Mad, Mad World","Sherman Park, 1301 West 52nd Street, Chicago, IL 60609, USA",41.79948400000001,-87.657405
"Millennium Park, Chicago ","Jun-24 Ghostbusters Jul-1 Top Gun Jul-8 20 Feet from StardomÂ  Jul-15 O Brother, Where Art Thou? Jul-22 Field of Dreams Jul-30 This is Spinal Tap  Aug-5 The Birdcage Aug-12 American Graffiti  Aug-19 Dreamgirls Aug-26 The Wizard of Oz","Millennium Park, Chicago, IL, USA",41.8827024,-87.6193938
"Buttercup Playlot Park, Chicago ",Jun-24 Beasts of the Southern Wild,"Chicago, IL, USA",41.8781136,-87.6297982
"Fulton River Park, Chicago ",Jun-24 Gravity  Jul-21 Sixteen Candles Aug-19 Fast & Furious 6,"Fulton River Park, 601 West Kinzie Street, Chicago, IL 60654, USA",41.8888903,-87.6437764
"Lake Shore Park, Chicago ",Jun-24 Happy Feet Jul-13 The Monuments Men Aug-18 The Lego Movie Aug-26 The Hunger Games: Catching Fire,"Lake Shore & North Ave, Chicago, IL 60610, USA",41.910497,-87.626317
"Portage Park, Chicago ",Jun-25 Monsters University  Jul-30 E.T.: The Extra-Terrestrial,"Portage Park, Chicago, IL, USA",41.953662,-87.7644903
"Mary Bartelme Park, Chicago ",Jun-25 Dirty Dancing Jul-24 Star Trek: Into Darkness,"Mary Bartelme Park, 115 South Sangamon Street, Chicago, IL 60607, USA",41.8798824,-87.6503706
"Kosciuszko Park, Chicago ",Jun-25 Gravity ,"Kosciuszko Park, 2732 North Avers Avenue, Chicago, IL 60647, USA",41.930963,-87.724342
"Kenwood Community Park, Chicago ",Jun-26 Mandela: Long Walk to Freedom Jul-2 The Fantastic Mr. Fox ,"Chicago, IL, USA",41.8781136,-87.6297982
"West Lawn Park, Chicago ",Jun-26 Cloudy with a Chance of Meatballs 2 Aug-5 The Lego Movie Aug-11 Turbo ,"West Lawn Park, 4233 West 65th Street, Chicago, IL 60629, USA",41.7731153,-87.72870979999999
"Wicker Park, Chicago ",Jun-26 Dr. Strangelove  Jul-17 The Sandlot  Aug-7 The Hunt for Red October,"Wicker Park, Chicago, IL, USA",41.9088028,-87.6795985
"Frank J. Wilson Park, Chicago ",Jun-27 To Kill a Mockingbird ,"Frank J Wilson Park, 4630 North Milwaukee Avenue, Chicago, IL 60630, USA",41.9646502,-87.75836249999999
"Athletic Field Park, Chicago ",Jun-27 Newsies Jul-24 The Perfect Game Aug-29 Brave ,"Athletic Field Park, 3546 West Addison Street, Chicago, IL 60618, USA",41.9475472,-87.7169538
"Columbus Park, Chicago ",Jun-27 Michael Jackson's This is It,"Columbus Park, 500 South Central Avenue, Chicago, IL 60644, USA",41.8745029,-87.7701836
"Haas Park, Chicago ",Jun-27 Cloudy With a Chance of Meatballs 2 ,"Haas Park, Chicago, IL 60647, USA",41.9250467,-87.6956289
"Osterman Beach, Chicago ",Jun-27 Gypsy ,"Kathy Osterman Beach, Illinois 60660, USA",41.9861856,-87.65199679999999
"Oriole Park, Chicago ",Jun-28 Despicable Me 2,"Oriole Park, Chicago, IL, USA",41.9793922,-87.8152471
"Rutherford-Sayre Park, Chicago ",Jun-28 The Lego Movie,"Rutherford Sayre Park, 6871 West Belden Avenue, Chicago, IL 60707, USA",41.9202819,-87.7966213
"Armour Square Park, Chicago ",Jun-28 Willy Wonka & the Chocolate Factory Jul-17 Singin' in the Rain,"Armour Square Park, 3309 South Shields Avenue, Chicago, IL 60616, USA",41.8339319,-87.6351869
"Taylor Park, Chicago ",Jun-29 Space Jam,"Taylor Park, 39 West 47th Street, Chicago, IL 60609, USA",41.8074059,-87.6275845
"Paschen Park, Chicago ",Jun-29 Stanley Ka Dabba Jul-26 Despicable Me 2 Aug-19 The Nut Job ,"Paschen Park, Chicago, IL 60626, USA",42.0091887,-87.67984059999999
"Jackson Park, Chicago ",Jun-30 Jaws  Jul-28 Rebel Without a Cause,"Jackson Park, Chicago, IL, USA",41.7832522,-87.57825299999999
"Ridge Park, Chicago ",Jun-30 Jumanji ,"Park Ridge, Park Ridge, IL 60068, USA",42.0102778,-87.8316667
"Wentworth Park, Chicago ",Jul-1 Jurassic Park,"Wentworth Park, Chicago, IL 60638, USA",41.7880835,-87.7803301
"Moran Playground Park, Chicago ",Jul-2 42,"Chicago, IL, USA",41.8781136,-87.6297982
"Woodhull Park, Chicago ",Jul-2 The Wiz,"Woodhull Park, 7340 South East End Avenue, Chicago, IL 60649, USA",41.7617375,-87.5836585
"Jonquil Playlot, Chicago ",Jul-5 Gravity  Jul-20 Ghostbusters  Aug-2 Mr. Peabody & Sherman Aug-30 The Hunger Games: Catching Fire,"Jonquil Playlot Park, 1001 West Wrightwood Avenue, Chicago, IL 60614, USA",41.92847889999999,-87.6545678
"McKinley Park, Chicago ",Jul-6 Mr. Peabody & Sherman,"McKinley Park, Chicago, IL, USA",41.8316175,-87.6729074
"West Pulman Park, Chicago ",Jul-6 Life of Pi ,"West Pullman Park, 401 123rd Street, Chicago, IL 60628, USA",41.6706259,-87.63068369999999
"Calumet Park, Chicago ",Jul-7 Saving Mr. Banks Jul-16 Fireproof Jul-21 Buck and the Preacher Aug-3 Jumanji  Aug-18 The Muppet Movie,"Calumet Park, United States",41.7179843,-87.5284578
"Cricket Hill, Chicago ",Jul-7 The Triplets of Belleville Aug-11 True Grit,"Cricket Hill, Chicago, IL 60640, USA",41.9642848,-87.642746
"Nat King Cole Park, Chicago ",Jul-7 Despicable Me 2,"Cole Park, Chicago, IL 60619, USA",41.7394058,-87.6152439
"Gompers Park, Chicago ",Jul-8 Cloudy with a Chance of Meatballs 2 Jul-16 The Muppet Movie ,"Gompers Park, 4222 W West Foster Avenue, Chicago, IL 60630, USA",41.9754946,-87.734866
"Hermitage Park, Chicago ",Jul-8 The Amazing Spider-Man,"Hermitage Park, 5839 South Wood Street, Chicago, IL 60636, USA",41.7871453,-87.66803139999999
"Chicago History Museum, Chicago ",Jul-9 Ferris Bueller's Day Off Aug-20 The Princess Bride,"Chicago History Museum, 1601 North Clark Street, Chicago, IL 60614, USA",41.9119897,-87.6315267
"Piotrowski Park, Chicago ",Jul-9 Happy Feet Aug-6 The Hunger Games: Catching Fire Aug-17 The Wizard of Oz,"Piotrowski Park, 4247 West 31st Street, Chicago, IL 60623, USA",41.8367407,-87.73089519999999
"O'Hallaren Park, Chicago ",Jul-10 Gravity,"O'Hallaren Park, 8335 South Honore Street, Chicago, IL 60620, USA",41.7423815,-87.66951739999999
"Maplewood Playlot Park, Chicago ",Jul-10 The Lego Movie,"Chicago, IL, USA",41.8781136,-87.6297982
"Normandy Park, Chicago ",Jul-10 Gremlins ,"Normandy Park, Chicago, IL 60638, USA",41.7977789,-87.7885919
"Wildwood Park, Chicago ",Jul-10 Free Birds,"Wildwood Park, North Hiawatha Avenue, Chicago, IL 60646, USA",42.0076111,-87.7803301
"Mayfair Park, Chicago ",Jul-11 The Nut Job Aug-23 The Lego Movie,"Mayfair Park, 4550 West Sunnyside Avenue, Chicago, IL 60630, USA",41.9630637,-87.742038
"Eugene Field Park, Chicago ",Jul-11 Despicable Me 2,"Eugene Field Park, 5100 North Ridgeway Avenue, Chicago, IL 60625, USA",41.9738915,-87.72204680000002
"Avondale Park, Chicago ",Jul-12 Rudy ,"Avondale Park, 3516 West School Street, Chicago, IL 60618, USA",41.9411053,-87.71396
"Brainerd Park, Chicago ",Jul-12 Mandela: Long Walk to Freedom,"Brainerd Park, 1246 West 92nd Street, Chicago, IL 60620, USA",41.7278055,-87.65420809999999
"Douglas Park, Chicago ",Jul-13 Willy Wonka & the Chocolate Factory,"Douglas Park, Chicago, IL, USA",41.8593746,-87.6950899
"Emmerson Park, Chicago ",Jul-13 Despicable Me 2 Aug-26 Star Trek: Into Darkness ,"Emmerson Park, 1820 West Granville Avenue, Chicago, IL 60660, USA",41.9945884,-87.6770674
"Mandrake Park, Chicago ",Jul-14 Beasts of the Southern Wild Aug-28 The Muppet Movie,"Mandrake Park, 901 E. Pershing Rd, Chicago, IL 60653, USA",41.8231319,-87.6072208
"Pasteur Park, Chicago ",Jul-14 Cloudy with a Chance of Meatballs 2 Aug-21 The Goonies,"Pasteur Park, 5825 South Kostner Avenue, Chicago, IL 60629, USA",41.7876517,-87.73274339999999
"Hermosa Park, Chicago ",Jul-15 Fast & Furious 6 Jul-30 Justin Bieber: Never Say Never,"Hermosa Park, Chicago, IL 60639, USA",41.9219812,-87.74034569999999
"Palmer Park, Chicago ",Jul-16 The Family that Preys Aug-24 The Great Gatsby,"Palmer Park, 201 East 111th Street, Chicago, IL 60628, USA",41.6922968,-87.61763440000001
"Skinner Park, Chicago ",Jul-16 The Smurfs 2,"Skinner Park, 1331 West Monroe Street, Chicago, IL 60607, USA",41.8790015,-87.660708
"Jackie Robinson Park, Chicago ",Jul-17 42,"Jackie Robinson Park, 10540 South Morgan Street, Chicago, IL 60643, USA",41.7008834,-87.64793910000002
"Brooks Park, Chicago ",Jul-18 The Smurfs 2 ,"Brooks Park, 7100 North Harlem Avenue, Chicago, IL 60631, USA",42.0100901,-87.8066753
"Fosco Park, Chicago ",Jul-18 Mandela: Long Walk to Freedom,"Fosco Park, 1312 South Racine Avenue, Chicago, IL 60608, USA",41.8645051,-87.6571882
"Ken-Well Park, Chicago ",Jul-18 Journey 2: The Mysterious Island,"Ken-Well Park, 2945 North Kenosha Avenue, Chicago, IL 60641, USA",41.93439559999999,-87.73342170000001
"Loyola Park, Chicago ",Jul-19 Captain Phillips Aug-6 Despicable Me 2,"Loyola Park, 1230 West Greenleaf Avenue, Chicago, IL 60626, USA",42.0108499,-87.6616126
"Humboldt Park, Chicago ",Jul-20 The Book Thief Aug-22 The Benchwarmers,"Humboldt Park, Chicago, IL, USA",41.9017035,-87.70248169999999
"Tuley Park, Chicago ",Jul-20 The Hunger Games: Catching Fire ,"Tuley Park, 501 East 90th Place, Chicago, IL 60619, USA",41.73031719999999,-87.6118497
"Sheridan Park, Chicago ",Jul-21 The Little Rascals,"Sheridan Park, Chicago, IL, USA",41.9655201,-87.6629672
"Amundsen Park, Chicago ",Jul-22 Ride Along,"Amundsen Park, Chicago, IL 60639, USA",41.9137522,-87.7794078
"Hoyne Playground Park, Chicago ",Jul-22 Cloudy With a Chance of Meatballs 2 ,"Chicago, IL, USA",41.8781136,-87.6297982
"Smith Park, Chicago ",Jul-22 Ghostbusters,"Smith Park, Chicago, IL, USA",41.8933833,-87.68954529999999
"Kilbourn Park, Chicago ",Jul-23 Annie ,"Kilbourn Park, Chicago, IL, USA",41.9423655,-87.7392883
"Mann Park, Chicago ",Jul-23 The Little Rascals,"Mann Park, 3035 East 130th Street, Chicago, IL 60633, USA",41.6573545,-87.5504284
"Sumner Park, Chicago ",Jul-23 Ride Along,"Sumner School Park, 4350 West 5th Avenue, Chicago, IL 60624, USA",41.8705484,-87.73455109999999
"Lincoln Park Zoo, Chicago ",Jul-24 Talladega Nights Aug-21 Harry Potter and the Sorcerer's Stone Sep-5 Best in Show,"Lincoln Park Zoo, 2001 North Clark Street, Chicago, IL 60614, USA",41.9208903,-87.6329172
"Fuller Park, Chicago ",Jul-24 Despicable Me 2,"Fuller Park, Chicago, IL, USA",41.8091205,-87.6323511
"Rainey Park, Chicago ",Jul-24 Turbo ,"Rainey Park, 4350 West 79th Street, Chicago, IL 60652, USA",41.7494354,-87.73059839999999
"Altgeld Park, Chicago ",Jul-25 Drumline ,"Altgeld Park, 515 South Washtenaw Avenue, Chicago, IL 60612, USA",41.87439759999999,-87.6926804
"Avalon Park, Chicago ",Jul-25 42,"Avalon Park, Chicago, IL, USA",41.747774,-87.5908816
"Galewood Park, Chicago ",Jul-25 The Hunger Games: Catching Fire,"Galewood, Chicago, IL 60707, USA",41.9163889,-87.7858333
"Hoard Playground Park, Chicago ",Jul-26 The Amazing Spider-Man,"Chicago, IL, USA",41.8781136,-87.6297982
"Kennicott Park, Chicago ",Jul-26 Roll Bounce,"Kennicott Park, 4434 South Lake Park Avenue, Chicago, IL 60653, USA",41.8136075,-87.5974648
"Austin Town Hall Park, Chicago ",Jul-27 The Help,"Austin Town Hall Park, 5610 West Lake Street, Chicago, IL 60644, USA",41.888194,-87.76577909999999
"Belmont Harbor, Chicago ",Jul-28 The Bachelor and the Bobby Soxer,"Belmont Harbor, Chicago, IL 60657, USA",41.9400652,-87.63747680000002
"Russell Square Park, Chicago ",Jul-28 The Nut Job,"Russell Square Park, 3045 East 83rd Street, Chicago, IL 60617, USA",41.743921,-87.54885650000001
"Daniel Webster Park, Chicago ",Jul-29 The Croods,"Daniel Webster Elementary School, 4055 West Arthington Street, Chicago, IL 60624, USA",41.8697009,-87.727081
"Gladstone Park, Chicago ",Jul-30 The Wizard of Oz,"Gladstone Park, Chicago, IL, USA",41.9811108,-87.7750136
"Touhy Park, Chicago ",Jul-30 The Muppet Movie,"Touhy Park, 7348 North Paulina Street, Chicago, IL 60626, USA",42.0148518,-87.6737491
"Owens Park, Chicago ",Jul-30 Superman ,"Owens Park, 8800 South Clyde Avenue, Chicago, IL 60617, USA",41.7357635,-87.5748053
"Union Park, Chicago ",Jul-30 The Goonies,"Union Park, 1501 West Randolph Street, Chicago, IL 60607, USA",41.8847622,-87.6652755
"Davis Square Park, Chicago ",Jul-31 Despicable Me 2,"Davis Square Park, 4430 South Marshfield Avenue, Chicago, IL 60609, USA",41.8134737,-87.6663385
"Margate Park, Chicago ",Jul-31 Star Trek: Into Darkness,"Margate Park Fieldhouse, 4921 North Marine Drive, Chicago, IL 60640, USA",41.9720946,-87.64982189999999
"Metcalfe Park, Chicago ",Jul-31 42,"Metcalfe Park, Chicago, IL 60609, USA",41.8179514,-87.62696749999999
"Cragin Park, Chicago ",Aug-1 Despicable Me 2,"Cragin Park, Chicago, IL 60639, USA",41.92836399999999,-87.7577279
"Dawes Park, Chicago ",Aug-1 Lee Daniels' The Butler,"Dawes Park, 8052 South Damen Avenue, Chicago, IL 60620, USA",41.7465294,-87.6747563
"Vittum Park, Chicago ",Aug-1 Epic,"Vittum Park, Chicago, IL, USA",41.8028954,-87.7472086
"Ada Park, Chicago ",Aug-2 42,"Ada Park, 11250 South Ada Street, Chicago, IL 60643, USA",41.6891048,-87.6556293
"Sauganash Park, Chicago ",Aug-2 The Nut Job,"Sauganash Park, 5861 North Kostner Avenue, Chicago, IL 60646, USA",41.9882037,-87.7372685
"Lincoln Park Cultural Center, Chicago ",Aug-3 The Hunger Games,"Cultural Center, Chicago, IL 60614, USA",41.918809,-87.63544019999999
"Senka Park, Chicago ",Aug-3 Mr. Peabody & Sherman,"Senka Park, 5656 South Saint Louis Avenue, Chicago, IL 60629, USA",41.79031459999999,-87.7108252
"Indian Road Park, Chicago ",Aug-4 Space Jam,"Indian Road Park, 6010 West Matson Avenue, Chicago, IL 60646, USA",41.9928009,-87.77835259999999
"Lake Meadows Park, Chicago ",Aug-4 Big Fish,"Lake Meadows Park, 3117 South Rhodes Avenue, Chicago, IL 60616, USA",41.8378669,-87.613479
"Grand Crossing Park, Chicago ",Aug-5 Lee Daniels' The Butler,"Grand Crossing Park, South Ingleside Avenue, Chicago, IL 60619, USA",41.755802,-87.6016334
"Heritage Green Park, Chicago ",Aug-5 Ghostbusters ,"Heritage Green Park, 610-30 West Adams Street, Chicago, IL 60606, USA",41.8795801,-87.643468
"Trebes Park, Chicago ",Aug-5 Cloudy With a Chance of Meatballs 2 Aug-27 Willy Wonka & the Chocolate Factory,"Trebes Park, 2250 North Clifton Avenue, Chicago, IL 60614, USA",41.9220339,-87.6576506
"Austin-Foster Playlot Park, Chicago ",Aug-7 The Lego Movie,"Chicago, IL, USA",41.8781136,-87.6297982
"Augusta Park, Chicago ",Aug-7 Man of Steel,"Augusta Park, 4433 West Augusta Boulevard, Chicago, IL 60651, USA",41.8985255,-87.7377301
"Rosedale Park, Chicago ",Aug-7 Man of Steel,"Rosedale Park, 6312 West Rosedale Avenue, Chicago, IL 60646, USA",41.98850729999999,-87.7857124
"Franklin Park, Chicago ",Aug-8 The Hunger Games: Catching Fire,"Franklin Park, 4320 West 15th Street, Chicago, IL 60623, USA",41.86061420000001,-87.73335639999999
"Harris Park, Chicago ",Aug-8 Cloudy with a Chance of Meatballs 2,"Harris Park, 6200 South Drexel Avenue, Chicago, IL 60637, USA",41.782162,-87.604829
"Wrightwood Park, Chicago ",Aug-8 The Goonies,"Wrightwood Park, Chicago, IL 60614, USA",41.9284194,-87.66689769999999
"Eckhart Park, Chicago ",Aug-10 The Goonies,"Eckhart Park, Chicago, IL 60642, USA",41.8974149,-87.6610738
"Indian Boundary Park, Chicago ",Aug-10 Anna Karenina,"Indian Boundary Park, 2500 West Lunt Avenue, Chicago, IL 60645, USA",42.0087181,-87.69250360000001
"Rowan Park, Chicago ",Aug-10 The Goonies,"Rowan Park Fieldhouse, 11546 South Avenue L, Chicago, IL 60617, USA",41.6849222,-87.5373738
"Chippewa Park, Chicago ",Aug-12 Despicable Me 2,"Chippewa Park, 6748 North Sacramento Avenue, Chicago, IL 60645, USA",42.003874,-87.70460550000001
"Lawler Park, Chicago ",Aug-12 The Nut Job,"Lawler Park, 5210 West 64th Street, Chicago, IL 60638, USA",41.7760195,-87.75222269999999
"Ogden Park, Chicago ",Aug-13 Are We There Yet?,"Ogden Park, 6500 South Racine Avenue, Chicago, IL 60636, USA",41.7749685,-87.6569435
"South Shore Cultural Center, Chicago ",Aug-13 Claudine  Aug-20 Car Wash Aug-25 The Great Gatsby Aug-27 The Wiz,"South Shore Cultural Center, 7059 South South Shore Drive, Chicago, IL 60649, USA",41.7673406,-87.5662985
"Graver Park, Chicago ",Aug-14 The Lego Movie,"Graver Park, 1518 West 102nd Place, Chicago, IL 60643, USA",41.7074472,-87.6604449
"Hamlin Park, Chicago ",Aug-14 Despicable Me 2,"Hamlin Park, 3035 North Hoyne Avenue, Chicago, IL 60618, USA",41.9365414,-87.68066019999999
"J.P. Wilson Park, Chicago ",Aug-14 Roman Holiday,"Wilson Park Fieldhouse, 4630 North Milwaukee Avenue, Chicago, IL 60630, USA",41.96451,-87.7586122
"Norwood Park, Chicago ",Aug-15 Free Birds,"Norwood Park, Chicago, IL, USA",41.9856315,-87.8069281
"Roberts Square Park, Chicago ",Aug-15 The Nut Job,"Roberts Square Park, Chicago, IL 60630, USA",41.9719069,-87.7588044
"Cornell Square Park, Chicago ",Aug-15 Mr. Peabody & Sherman ,"Cornell Square Park, 1809 West 50th Street, Chicago, IL 60609, USA",41.8020872,-87.67136649999999
"Jensen Park, Chicago ",Aug-15 Hotel Transylvania,"Jensen Park, 4600 North Lawndale Avenue, Chicago, IL 60625, USA",41.9656189,-87.721081
"Stanton Park, Chicago ",Aug-15 Despicable Me 2,"Stanton Park, 618 West Scott Street, Chicago, IL 60610, USA",41.9058208,-87.645686
"Unity Playlot Park, Chicago ",Aug-16 Michael Jackson's This is It ,"Chicago, IL, USA",41.8781136,-87.6297982
"Berger Park Cultural Center, Chicago ",Aug-17 The Thin Man,"Chicago, IL, USA",41.8781136,-87.6297982
"Blackhawk Park, Chicago ",Aug-19 Instructions Not Included ,"Blackhawk Park, 2318 North Lavergne Avenue, Chicago, IL 60639, USA",41.9230212,-87.752468
"Nichols Park, Chicago ",Aug-20 The Nut Job,"Nichols Park, 1355 East 53rd Street, Chicago, IL 60615, USA",41.7972902,-87.59388489999999
"Arrigo Park, Chicago ",Aug-21 Back to the Future,"Arrigo Park, Chicago, IL 60607, USA",41.8715384,-87.6598084
"Moore Park, Chicago ",Aug-21 Stomp the Yard ,"Moore Park, Chicago, IL 60644, USA",41.878143,-87.75273
"Golden Gate Park, Chicago ",Aug-22 Man of Steel,"Golden Gate Park, 13000 South Eberhart Avenue, Chicago, IL 60627, USA",41.6584217,-87.6115411
"Meyering Park, Chicago ",Aug-22 Ride Along,"Meyering Park, 7140 South Doctor Martin Luther King Junior Drive, Chicago, IL 60619, USA",41.7644629,-87.61606809999999
"Shedd Park, Chicago ",Aug-25 The Amazing Spider-Man,"Shedd Park, 3660 West 23rd Street, Chicago, IL 60623, USA",41.8500587,-87.71700150000001
"Burnside Playlot, Chicago ",Aug-27 42,"Chicago, IL, USA",41.8781136,-87.6297982
"Willye B. White Park, Chicago ",Aug-27 Cloudy with a Chance of Meatballs 2,"Willye B. White Park, 1610 West Howard Street, Chicago, IL 60626, USA",42.0201398,-87.6705961
"Chicago Women's Park & Gardens, Chicago ",Aug-28 The Lego Movie,"Chicago Women's Park and Gardens, 1801 South Indiana Avenue, Chicago, IL 60616, USA",41.8571047,-87.6215689
"Ping Tom Memorial Park, Chicago ",Aug-29 The Lego Movie,"Ping Tom Memorial Park, 300 West 19th Street, Chicago, IL 60616, USA",41.8578337,-87.6343704
"Pottawattomie Park, Chicago ",Aug-29 The Smurfs 2,"Pottawattomie Park, 7340 North Rogers Avenue, Chicago, IL 60626, USA",42.014845,-87.67805229999999
"Veteran's Memorial Park, Chicago ",Aug-29 Despicable Me 2,"Veteran's Memorial Park, 2820 East 98th Street, Chicago, IL 60617, USA",41.7182185,-87.5558573
"Horner Park, Chicago ",Aug-30 The Wizard of Oz,"Horner Park, Chicago, IL, USA",41.9585722,-87.6950899
"La Follette Park, Chicago ",Aug-30 Cloudy with a Chance of Meatballs 2,"Chicago, IL, USA",41.8781136,-87.6297982
